{
    "train_loss": [
        0.46917607183508303,
        0.4099368703478816,
        0.3853830410173102,
        0.35590403599242665,
        0.33027702511742374,
        0.3188972964027987,
        0.2997521559655313,
        0.28219966171263294,
        0.2729562582866345,
        0.2678461986861968,
        0.3187642819409348,
        0.3152316124993722,
        0.30464095097775806,
        0.28414513444128187,
        0.2769254687436581,
        0.2646232222056737,
        0.25570004178592465,
        0.24848752808006358,
        0.23887224981614733,
        0.22499093786803184,
        0.21340075119662916,
        0.20551298859204017,
        0.1940939964419811,
        0.19304095679672084,
        0.18210128556364,
        0.17088847557031187,
        0.1692135734992557,
        0.16218775259395352,
        0.1553118579659858,
        0.1622541575067567
    ],
    "val_loss": [
        0.5013961061639222,
        0.4384663700812349,
        0.4180581083423213,
        0.43432622103902857,
        0.438867981790712,
        0.5392009635014754,
        0.587748573480272,
        0.5061715480773464,
        0.5844812813876686,
        0.6210594225037647,
        0.49074501883679705,
        0.43711451352819014,
        0.5268069085370946,
        0.5618126632854048,
        0.5374991089338437,
        0.5138396425325865,
        0.6042485479755622,
        0.6087458087131381,
        0.7452906327763278,
        0.6110040936741585,
        0.7718582761498463,
        0.6172914933474538,
        0.8875653396427975,
        0.9432035196866644,
        1.0100490450123816,
        0.9530505065493727,
        1.108670619010043,
        1.0711249715256457,
        1.1123622878037982,
        1.1326518637238463
    ],
    "f1": [
        0.8598574772225137,
        0.864462804928065,
        0.8713029526639535,
        0.8723936563915301,
        0.8809917305478997,
        0.8649921457507967,
        0.8733067679407501,
        0.8744112980270918,
        0.876099115733498,
        0.8723235477719243,
        0.8849270614715817,
        0.8697711079048073,
        0.8769874427046306,
        0.8731218647897163,
        0.879156523812091,
        0.8758169884804057,
        0.8762057828075211,
        0.8721207257734589,
        0.8744939221470143,
        0.8863261894108954,
        0.8783999950294913,
        0.8809325512108215,
        0.8747007133073506,
        0.8808373541233298,
        0.8784440792997829,
        0.8751999950294913,
        0.8818770176757287,
        0.8794892208891542,
        0.8808373541233298,
        0.8816855703856824
    ],
    "auroc": [
        0.9063986577440923,
        0.9279090273343671,
        0.9337661942788278,
        0.9381017140298359,
        0.944272608415635,
        0.9310269529187708,
        0.9367265651129557,
        0.9402591084612428,
        0.9363534091254605,
        0.9365621000666152,
        0.9398279059868041,
        0.9332658888437416,
        0.9425201573336207,
        0.9306565610497015,
        0.9413150016999329,
        0.9385729962214502,
        0.9405189355932767,
        0.9343273103192833,
        0.9386863250769116,
        0.9425837320574162,
        0.937727175983128,
        0.9437640106252714,
        0.9378405048385894,
        0.9362041467304625,
        0.9330668723170775,
        0.9353030441236224,
        0.9348718416491835,
        0.9346189248132146,
        0.9366795750997156,
        0.9376636012593325
    ],
    "precision": [
        0.7915451895043731,
        0.8262243285939969,
        0.8086053412462908,
        0.8408360128617364,
        0.8420221169036335,
        0.7905308464849354,
        0.8082595870206489,
        0.7991391678622669,
        0.8130563798219584,
        0.804093567251462,
        0.8310502283105022,
        0.7985507246376812,
        0.8478964401294499,
        0.8421900161030595,
        0.8262195121951219,
        0.8284389489953632,
        0.8170914542728636,
        0.8049853372434017,
        0.8206686930091185,
        0.8445839874411303,
        0.8157503714710252,
        0.8477564102564102,
        0.8106508875739645,
        0.8225563909774436,
        0.8249619482496194,
        0.812778603268945,
        0.8270106221547799,
        0.8150887573964497,
        0.8225563909774436,
        0.8280060882800608
    ],
    "recall": [
        0.9410745233968805,
        0.9064124783362218,
        0.9445407279029463,
        0.9064124783362218,
        0.9237435008665511,
        0.9549393414211439,
        0.949740034662045,
        0.9653379549393414,
        0.949740034662045,
        0.9532062391681109,
        0.9462738301559792,
        0.9549393414211439,
        0.9081455805892548,
        0.9064124783362218,
        0.9393414211438474,
        0.92894280762565,
        0.9445407279029463,
        0.951473136915078,
        0.9358752166377816,
        0.9324090121317158,
        0.951473136915078,
        0.9168110918544194,
        0.949740034662045,
        0.9480069324090121,
        0.9393414211438474,
        0.9480069324090121,
        0.9445407279029463,
        0.9549393414211439,
        0.9480069324090121,
        0.9428076256499134
    ],
    "lr": [
        0.0009755282581475768,
        0.0009045084971874737,
        0.0007938926261462366,
        0.0006545084971874737,
        0.0005,
        0.00034549150281252633,
        0.00020610737385376348,
        9.549150281252633e-05,
        2.4471741852423235e-05,
        0.001,
        0.0009938441702975688,
        0.0009755282581475768,
        0.0009455032620941839,
        0.0009045084971874737,
        0.0008535533905932737,
        0.0007938926261462366,
        0.0007269952498697733,
        0.0006545084971874737,
        0.0005782172325201155,
        0.0005,
        0.0004217827674798847,
        0.00034549150281252633,
        0.00027300475013022663,
        0.00020610737385376348,
        0.00014644660940672628,
        9.549150281252633e-05,
        5.449673790581611e-05,
        2.4471741852423235e-05,
        6.15582970243117e-06,
        0.001
    ]
}